{
  "ABIRoot": {
    "kind": "Root",
    "name": "TopLevel",
    "printedName": "TopLevel",
    "children": [
      {
        "kind": "Import",
        "name": "Foundation",
        "printedName": "Foundation",
        "declKind": "Import",
        "moduleName": "BinaryFramework",
        "declAttributes": [
          "RawDocComment"
        ]
      },
      {
        "kind": "TypeDecl",
        "name": "PublicBinaryClass",
        "printedName": "PublicBinaryClass",
        "children": [
          {
            "kind": "Constructor",
            "name": "init",
            "printedName": "init()",
            "children": [
              {
                "kind": "TypeNominal",
                "name": "PublicBinaryClass",
                "printedName": "BinaryFramework.PublicBinaryClass",
                "usr": "s:15BinaryFramework06PublicA5ClassC"
              }
            ],
            "declKind": "Constructor",
            "usr": "s:15BinaryFramework06PublicA5ClassCACycfc",
            "mangledName": "$s15BinaryFramework06PublicA5ClassCACycfc",
            "moduleName": "BinaryFramework",
            "declAttributes": [
              "AccessControl"
            ],
            "init_kind": "Designated"
          },
          {
            "kind": "Function",
            "name": "makeSomethingMagic",
            "printedName": "makeSomethingMagic()",
            "children": [
              {
                "kind": "TypeNominal",
                "name": "Void",
                "printedName": "()"
              }
            ],
            "declKind": "Func",
            "usr": "s:15BinaryFramework06PublicA5ClassC18makeSomethingMagicyyF",
            "mangledName": "$s15BinaryFramework06PublicA5ClassC18makeSomethingMagicyyF",
            "moduleName": "BinaryFramework",
            "declAttributes": [
              "AccessControl"
            ],
            "funcSelfKind": "NonMutating"
          }
        ],
        "declKind": "Class",
        "usr": "s:15BinaryFramework06PublicA5ClassC",
        "mangledName": "$s15BinaryFramework06PublicA5ClassC",
        "moduleName": "BinaryFramework",
        "declAttributes": [
          "AccessControl"
        ]
      }
    ],
    "json_format_version": 8
  },
  "ConstValues": []
}